<?xml version="1.0" encoding="utf-8"?>
<!DOCTYPE document
  SYSTEM "../../../xml/adaps.dtd">
<document>
    <title>Facebook Use Predicts Declines in Subjective Well-Being in Young Adults (Extract 2)</title>
    <citation>Kross E, Verduyn P, Demiralp E, Park J, Lee DS, et al., (2013), Facebook Use Predicts Declines in Subjective Well-Being in Young Adults., PLoS ONE 8(8): e69841., doi:10.1371/journal.pone.0069841</citation>
    <url>doi:10.1371/journal.pone.0069841</url>
    <info type="arise">
        <arise-info book="1"
                    section="2"
                    unit="6"
                    part="2"
                    item="F"
                    firstpage="28"/>
    </info>
    <body>
        <paragraph id="p01">
            <sentence id="p01-s01">
                <t id="p01-s01-t01" type="Coxhead-AWL-2,AR-AWL-2b">Participants</t>
            </sentence>
        </paragraph>
        <paragraph id="p02">
            <sentence id="p02-s01">
                <t id="p02-s01-t01">Eighty-two</t>
                <t id="p02-s01-t02" type="GSL-1">people</t>
                <punc>(</punc>
                <t id="p02-s01-t03">Mage=19.52</t>
                <punc>,</punc>
                <t id="p02-s01-t04">SDage=2.17</t>
                <punc>;</punc>
                <t id="p02-s01-t05">53</t>
                <t id="p02-s01-t06" type="GSL-2">females</t>
                <punc>;</punc>
                <t id="p02-s01-t07">60.5%</t>
                <t id="p02-s01-t08">European</t>
                <t id="p02-s01-t09">American</t>
                <punc>,</punc>
                <t id="p02-s01-t10">28.4%</t>
                <t id="p02-s01-t11">Asian</t>
                <punc>,</punc>
                <t id="p02-s01-t12">6.2%</t>
                <t id="p02-s01-t13">African</t>
                <t id="p02-s01-t14">American</t>
                <punc>,</punc>
                <t id="p02-s01-t15" type="GSL-1">and</t>
                <t id="p02-s01-t16">4.9%</t>
                <t id="p02-s01-t17" type="GSL-1">other</t>
                <punc>)</punc>
                <t id="p02-s01-t18" type="GSL-1">were</t>
                <t id="p02-s01-t19">recruited</t>
                <t id="p02-s01-t20" type="GSL-1">for</t>
                <t id="p02-s01-t21" type="GSL-1">a</t>
                <t id="p02-s01-t22" type="GSL-1">study</t>
                <t id="p02-s01-t23" type="GSL-1">on</t>
                <t id="p02-s01-t24">Facebook</t>
                <t id="p02-s01-t25" type="GSL-1">through</t>
                <t id="p02-s01-t26">flyers</t>
                <t id="p02-s01-t27" type="GSL-1">posted</t>
                <t id="p02-s01-t28" type="GSL-1">around</t>
                <t id="p02-s01-t29">Ann</t>
                <t id="p02-s01-t30">Arbor</t>
                <punc>,</punc>
                <t id="p02-s01-t31">Michigan</t>
                <punc>.</punc>
            </sentence>
            <sentence id="p02-s02">
                <t id="p02-s02-t01" type="Coxhead-AWL-2,AR-AWL-2b">Participants</t>
                <t id="p02-s02-t02" type="GSL-1">needed</t>
                <t id="p02-s02-t03" type="GSL-1">a</t>
                <t id="p02-s02-t04">Facebook</t>
                <t id="p02-s02-t05" type="GSL-1">account</t>
                <t id="p02-s02-t06" type="GSL-1">and</t>
                <t id="p02-s02-t07" type="GSL-1">a</t>
                <t id="p02-s02-t08">touch-screen</t>
                <t id="p02-s02-t09">smartphone</t>
                <t id="p02-s02-t10" type="GSL-1">to</t>
                <t id="p02-s02-t11" type="GSL-2">qualify</t>
                <t id="p02-s02-t12" type="GSL-1">for</t>
                <t id="p02-s02-t13" type="GSL-1">the</t>
                <t id="p02-s02-t14" type="GSL-1">study</t>
                <punc>.</punc>
            </sentence>
            <sentence id="p02-s03">
                <t id="p02-s03-t01" type="GSL-1">They</t>
                <t id="p02-s03-t02" type="GSL-1">received</t>
                <t id="p02-s03-t03">$20</t>
                <t id="p02-s03-t04" type="GSL-1">and</t>
                <t id="p02-s03-t05" type="GSL-1">were</t>
                <t id="p02-s03-t06" type="GSL-1">entered</t>
                <t id="p02-s03-t07" type="GSL-1">into</t>
                <t id="p02-s03-t08" type="GSL-1">a</t>
                <t id="p02-s03-t09">raffle</t>
                <t id="p02-s03-t10" type="GSL-1">to</t>
                <t id="p02-s03-t11" type="GSL-1">receive</t>
                <t id="p02-s03-t12" type="GSL-1">an</t>
                <t id="p02-s03-t13">iPad2</t>
                <t id="p02-s03-t14" type="GSL-1">for</t>
                <t id="p02-s03-t15" type="Coxhead-AWL-2,AR-AWL-2b">participating</t>
                <punc>.</punc>
            </sentence>
        </paragraph>
    </body>
</document>
