<?xml version="1.0" encoding="utf-8"?>
<!DOCTYPE document
  SYSTEM "../../../xml/adaps.dtd">
<document>
    <title>Catch the Katydid if You Can (Extract)</title>
    <citation>Mulhertn, I. (2014). Catch the Katydid if You Can. PLOS One EveryONE Blog. Retrieved from http://blogs.plos.org/everyone/2014/09/12/catch-katydid-can/ on 18 February 2015.</citation>
    <url>http://blogs.plos.org/everyone/2014/09/12/catch-katydid-can/</url>
    <info type="arise">
        <arise-info book="1"
                    section="2"
                    unit="6"
                    part="1"
                    item="A"
                    firstpage="27"/>
    </info>
    <body>
        <paragraph id="p01">
            <sentence id="p01-s01">
                <t id="p01-s01-t01">It's</t>
                <t id="p01-s01-t02" type="GSL-1">too</t>
                <t id="p01-s01-t03" type="GSL-1">fast</t>
                <t id="p01-s01-t04" type="GSL-1">to</t>
                <t id="p01-s01-t05" type="GSL-1">catch</t>
                <punc>,</punc>
                <t id="p01-s01-t06">spears</t>
                <t id="p01-s01-t07" type="GSL-1">smaller</t>
                <t id="p01-s01-t08" type="GSL-2">insects</t>
                <t id="p01-s01-t09" type="GSL-1">with</t>
                <t id="p01-s01-t10">spiny</t>
                <t id="p01-s01-t11" type="GSL-2">legs</t>
                <punc>,</punc>
                <t id="p01-s01-t12" type="GSL-1">and</t>
                <t id="p01-s01-t13" type="GSL-1">sings</t>
                <t id="p01-s01-t14" type="GSL-1">a</t>
                <t id="p01-s01-t15" type="GSL-1">song</t>
                <t id="p01-s01-t16" type="GSL-1">that</t>
                <t id="p01-s01-t17">mirrors</t>
                <t id="p01-s01-t18" type="GSL-1">the</t>
                <t id="p01-s01-t19">syllables</t>
                <t id="p01-s01-t20" type="GSL-1">of</t>
                <t id="p01-s01-t21" type="GSL-1">its</t>
                <t id="p01-s01-t22" type="GSL-1">name</t>
                <punc>,</punc>
                <punc>“</punc>
                <t id="p01-s01-t23">Ka-ty-did</t>
                <punc>,</punc>
                <t id="p01-s01-t24">Ka-ty-didn't</t>
                <punc>.</punc>
                <punc>”</punc>
            </sentence>
            <sentence id="p01-s02">
                <t id="p01-s02-t01" type="GSL-1">Its</t>
                <t id="p01-s02-t02" type="GSL-1">music</t>
                <t id="p01-s02-t03" type="GSL-1">is</t>
                <t id="p01-s02-t04" type="GSL-1">so</t>
                <t id="p01-s02-t05">catchy</t>
                <punc>,</punc>
                <t id="p01-s02-t06" type="GSL-1">it</t>
                <t id="p01-s02-t07" type="GSL-1">has</t>
                <t id="p01-s02-t08" type="GSL-1">even</t>
                <t id="p01-s02-t09" type="GSL-1">been</t>
                <t id="p01-s02-t10" type="GSL-1">used</t>
                <t id="p01-s02-t11" type="GSL-1">as</t>
                <t id="p01-s02-t12" type="GSL-1">the</t>
                <t id="p01-s02-t13">chorus</t>
                <t id="p01-s02-t14" type="GSL-1">of</t>
                <t id="p01-s02-t15" type="GSL-1">popular</t>
                <t id="p01-s02-t16" type="GSL-1">songs</t>
                <punc>.</punc>
            </sentence>
        </paragraph>
        <paragraph id="p02">
            <sentence id="p02-s01">
                <t id="p02-s01-t01">Listroscelidinae</t>
                <t id="p02-s01-t02" type="GSL-1">are</t>
                <t id="p02-s01-t03" type="GSL-1">a</t>
                <t id="p02-s01-t04" type="GSL-1">group</t>
                <t id="p02-s01-t05" type="GSL-1">of</t>
                <t id="p02-s01-t06">insectivorous</t>
                <t id="p02-s01-t07">katydid</t>
                <t id="p02-s01-t08" type="GSL-2">hunters</t>
                <t id="p02-s01-t09" type="GSL-1">from</t>
                <t id="p02-s01-t10" type="GSL-1">South</t>
                <t id="p02-s01-t11">America</t>
                <t id="p02-s01-t12" type="GSL-1">whose</t>
                <t id="p02-s01-t13" type="GSL-1">fast</t>
                <t id="p02-s01-t14" type="GSL-1">and</t>
                <t id="p02-s01-t15">aggressive</t>
                <t id="p02-s01-t16" type="GSL-2">behavior</t>
                <t id="p02-s01-t17" type="GSL-1">makes</t>
                <t id="p02-s01-t18" type="GSL-1">them</t>
                <t id="p02-s01-t19" type="GSL-1">difficult</t>
                <t id="p02-s01-t20" type="GSL-1">to</t>
                <t id="p02-s01-t21">capture</t>
                <punc>,</punc>
                <t id="p02-s01-t22" type="GSL-1">let</t>
                <t id="p02-s01-t23" type="GSL-1">alone</t>
                <t id="p02-s01-t24" type="Coxhead-AWL-1,AR-AWL-1a">identify</t>
                <punc>.</punc>
            </sentence>
            <sentence id="p02-s02">
                <t id="p02-s02-t01" type="GSL-1">According</t>
                <t id="p02-s02-t02" type="GSL-1">to</t>
                <t id="p02-s02-t03" type="GSL-1">the</t>
                <t id="p02-s02-t04" type="Coxhead-AWL-6,AR-AWL-6a">authors</t>
                <t id="p02-s02-t05" type="GSL-1">of</t>
                <t id="p02-s02-t06" type="GSL-1">a</t>
                <t id="p02-s02-t07" type="GSL-1">recent</t>
                <t id="p02-s02-t08">PLOS</t>
                <t id="p02-s02-t09" type="GSL-1">ONE</t>
                <t id="p02-s02-t10" type="GSL-1">study</t>
                <punc>,</punc>
                <t id="p02-s02-t11" type="GSL-1">these</t>
                <t id="p02-s02-t12">Neotropical</t>
                <t id="p02-s02-t13">katydids</t>
                <t id="p02-s02-t14" type="GSL-1">have</t>
                <t id="p02-s02-t15" type="GSL-1">been</t>
                <t id="p02-s02-t16">understudied</t>
                <punc>,</punc>
                <t id="p02-s02-t17" type="GSL-1">partly</t>
                <t id="p02-s02-t18" type="GSL-1">because</t>
                <t id="p02-s02-t19" type="GSL-1">we</t>
                <t id="p02-s02-t20">haven't</t>
                <t id="p02-s02-t21" type="GSL-1">been</t>
                <t id="p02-s02-t22" type="GSL-1">able</t>
                <t id="p02-s02-t23" type="GSL-1">to</t>
                <t id="p02-s02-t24" type="GSL-1">get</t>
                <t id="p02-s02-t25" type="GSL-1">our</t>
                <t id="p02-s02-t26" type="GSL-1">hands</t>
                <t id="p02-s02-t27" type="GSL-1">on</t>
                <t id="p02-s02-t28" type="GSL-1">them</t>
                <punc>.</punc>
            </sentence>
            <sentence id="p02-s03">
                <t id="p02-s03-t01" type="GSL-1">However</t>
                <punc>,</punc>
                <t id="p02-s03-t02" type="GSL-1">the</t>
                <t id="p02-s03-t03" type="Coxhead-AWL-6,AR-AWL-6a">authors</t>
                <t id="p02-s03-t04" type="GSL-1">of</t>
                <t id="p02-s03-t05" type="GSL-1">this</t>
                <t id="p02-s03-t06" type="GSL-1">study</t>
                <t id="p02-s03-t07" type="GSL-2">managed</t>
                <t id="p02-s03-t08" type="GSL-1">to</t>
                <t id="p02-s03-t09" type="GSL-2">collect</t>
                <t id="p02-s03-t10" type="GSL-1">more</t>
                <t id="p02-s03-t11" type="GSL-1">than</t>
                <t id="p02-s03-t12">100</t>
                <t id="p02-s03-t13">specimens</t>
                <t id="p02-s03-t14" type="GSL-1">from</t>
                <t id="p02-s03-t15" type="GSL-1">one</t>
                <t id="p02-s03-t16" type="GSL-1">of</t>
                <t id="p02-s03-t17" type="GSL-1">the</t>
                <t id="p02-s03-t18">world's</t>
                <t id="p02-s03-t19" type="GSL-1">most</t>
                <t id="p02-s03-t20" type="GSL-2">threatened</t>
                <t id="p02-s03-t21">ecosystems</t>
                <punc>,</punc>
                <t id="p02-s03-t22" type="GSL-1">the</t>
                <t id="p02-s03-t23">Brazilian</t>
                <t id="p02-s03-t24">Atlantic</t>
                <t id="p02-s03-t25" type="GSL-1">Forest</t>
                <punc>.</punc>
            </sentence>
        </paragraph>
    </body>
</document>
