<?xml version="1.0" encoding="utf-8"?>
<!DOCTYPE document
  SYSTEM "../../../xml/adaps.dtd">
<document>
    <title>Struggle for existence (Extract)</title>
    <citation>Simple English Wikipedia: “Struggle for existence”. Retrieved from https://simple.wikipedia.org/wiki/Struggle_for_ existence on 22 Aug 2015.</citation>
    <url>https://simple.wikipedia.org/wiki/Struggle_for_existence</url>
    <info type="arise">
        <arise-info book="2"
                    section="2"
                    unit="1"
                    part="4"
                    item="0"
                    firstpage="15"/>
    </info>
    <body>
        <paragraph id="p01">
            <sentence id="p01-s01">
                <t id="p01-s01-t01" type="GSL-1">The</t>
                <t id="p01-s01-t02" type="GSL-1">struggle</t>
                <t id="p01-s01-t03" type="GSL-1">for</t>
                <t id="p01-s01-t04" type="GSL-1">existence</t>
                <t id="p01-s01-t05" type="GSL-2">refers</t>
                <t id="p01-s01-t06" type="GSL-1">to</t>
                <t id="p01-s01-t07" type="GSL-1">the</t>
                <t id="p01-s01-t08" type="GSL-2">competition</t>
                <t id="p01-s01-t09" type="GSL-1">between</t>
                <t id="p01-s01-t10" type="GSL-1">living</t>
                <t id="p01-s01-t11" type="GSL-1">things</t>
                <t id="p01-s01-t12" type="GSL-1">to</t>
                <t id="p01-s01-t13" type="Coxhead-AWL-7,AR-AWL-7b">survive</t>
                <punc>.</punc>
            </sentence>
            <sentence id="p01-s02">
                <t id="p01-s02-t01" type="GSL-1">Many</t>
                <t id="p01-s02-t02" type="GSL-1">natural</t>
                <t id="p01-s02-t03">historians</t>
                <t id="p01-s02-t04" type="GSL-1">have</t>
                <t id="p01-s02-t05" type="GSL-1">noted</t>
                <t id="p01-s02-t06" type="GSL-1">the</t>
                <t id="p01-s02-t07" type="GSL-2">competition</t>
                <t id="p01-s02-t08" type="GSL-1">between</t>
                <t id="p01-s02-t09" type="GSL-1">animals</t>
                <punc>.</punc>
            </sentence>
            <sentence id="p01-s03">
                <t id="p01-s03-t01" type="GSL-1">Generally</t>
                <t id="p01-s03-t02" type="GSL-1">speaking</t>
                <punc>,</punc>
                <t id="p01-s03-t03" type="GSL-1">they</t>
                <t id="p01-s03-t04" type="GSL-1">have</t>
                <t id="p01-s03-t05" type="GSL-1">been</t>
                <t id="p01-s03-t06" type="GSL-1">interested</t>
                <t id="p01-s03-t07" type="GSL-1">in</t>
                <t id="p01-s03-t08" type="GSL-1">the</t>
                <t id="p01-s03-t09" type="GSL-2">competition</t>
                <t id="p01-s03-t10" type="GSL-1">between</t>
                <t id="p01-s03-t11">species</t>
                <punc>.</punc>
            </sentence>
        </paragraph>
    </body>
</document>
