<?xml version="1.0" encoding="utf-8"?>
<!DOCTYPE document
  SYSTEM "../../../xml/adaps.dtd">
<document>
    <title>Architecture (Extract)</title>
    <citation>Simple English Wikipedia: “Architecture”. Retrieved from https://simple.wikipedia.org/wiki/Architecture on 20 Aug 2015.</citation>
    <url>https://simple.wikipedia.org/wiki/Architecture</url>
    <info type="arise">
        <arise-info book="2"
                    section="2"
                    unit="1"
                    part="4"
                    item="1"
                    firstpage="15"/>
    </info>
    <body>
        <paragraph id="p01">
            <sentence id="p01-s01">
                <t id="p01-s01-t01">Architecture</t>
                <t id="p01-s01-t02" type="GSL-1">is</t>
                <t id="p01-s01-t03" type="GSL-1">the</t>
                <t id="p01-s01-t04" type="GSL-1">science</t>
                <t id="p01-s01-t05" type="GSL-1">of</t>
                <t id="p01-s01-t06" type="GSL-1">the</t>
                <t id="p01-s01-t07" type="Coxhead-AWL-2,AR-AWL-2a">design</t>
                <t id="p01-s01-t08" type="GSL-1">of</t>
                <t id="p01-s01-t09" type="Coxhead-AWL-1,AR-AWL-1b">structures</t>
                <t id="p01-s01-t10" type="GSL-1">or</t>
                <t id="p01-s01-t11" type="GSL-1">buildings</t>
                <t id="p01-s01-t12" type="GSL-1">such</t>
                <t id="p01-s01-t13" type="GSL-1">as</t>
                <t id="p01-s01-t14" type="GSL-1">houses</t>
                <punc>,</punc>
                <t id="p01-s01-t15" type="GSL-1">places</t>
                <t id="p01-s01-t16" type="GSL-1">of</t>
                <t id="p01-s01-t17" type="GSL-2">worship</t>
                <punc>,</punc>
                <t id="p01-s01-t18" type="GSL-1">office</t>
                <t id="p01-s01-t19" type="GSL-1">buildings</t>
                <punc>.</punc>
            </sentence>
        </paragraph>
    </body>
</document>
