<?xml version="1.0" encoding="utf-8"?>
<!DOCTYPE document
  SYSTEM "../../../xml/adaps.dtd">
<document>
    <title>Pure mathematics (Extract)</title>
    <citation>Simple English Wikipedia: “Pure mathematics”. Retrieved from https://simple.wikipedia.org/wiki/Pure_mathematics on 22 Aug 2015.</citation>
    <url>https://simple.wikipedia.org/wiki/Pure_mathematics</url>
    <info type="arise">
        <arise-info book="2"
                    section="2"
                    unit="1"
                    part="4"
                    item="4"
                    firstpage="16"/>
    </info>
    <body>
        <paragraph id="p01">
            <sentence id="p01-s01">
                <t id="p01-s01-t01" type="GSL-1">Many</t>
                <t id="p01-s01-t02" type="GSL-1">fields</t>
                <t id="p01-s01-t03" type="GSL-1">of</t>
                <t id="p01-s01-t04">mathematics</t>
                <t id="p01-s01-t05" type="GSL-1">are</t>
                <t id="p01-s01-t06" type="GSL-1">driven</t>
                <t id="p01-s01-t07" type="GSL-1">and</t>
                <t id="p01-s01-t08" type="Coxhead-AWL-6,AR-AWL-6b">motivated</t>
                <t id="p01-s01-t09" type="GSL-1">by</t>
                <t id="p01-s01-t10" type="GSL-1">applications</t>
                <punc>:</punc>
                <t id="p01-s01-t11" type="GSL-1">They</t>
                <t id="p01-s01-t12" type="GSL-1">can</t>
                <t id="p01-s01-t13" type="GSL-1">be</t>
                <t id="p01-s01-t14" type="GSL-1">used</t>
                <t id="p01-s01-t15" type="GSL-1">to</t>
                <t id="p01-s01-t16" type="GSL-2">solve</t>
                <t id="p01-s01-t17">real-world</t>
                <t id="p01-s01-t18" type="GSL-1">problems</t>
                <punc>,</punc>
                <t id="p01-s01-t19" type="GSL-1">for</t>
                <t id="p01-s01-t20" type="GSL-1">example</t>
                <punc>,</punc>
                <t id="p01-s01-t21" type="GSL-1">in</t>
                <t id="p01-s01-t22">physics</t>
                <t id="p01-s01-t23" type="GSL-1">or</t>
                <t id="p01-s01-t24" type="GSL-2">engineering</t>
                <punc>.</punc>
            </sentence>
            <sentence id="p01-s02">
                <t id="p01-s02-t01" type="GSL-1">In</t>
                <t id="p01-s02-t02" type="Coxhead-AWL-4,AR-AWL-4a">contrast</t>
                <punc>,</punc>
                <t id="p01-s02-t03" type="GSL-2">pure</t>
                <t id="p01-s02-t04">mathematics</t>
                <t id="p01-s02-t05" type="GSL-1">studies</t>
                <t id="p01-s02-t06" type="Coxhead-AWL-6,AR-AWL-6a">abstract</t>
                <t id="p01-s02-t07" type="GSL-1">ideas</t>
                <t id="p01-s02-t08" type="GSL-1">or</t>
                <t id="p01-s02-t09" type="GSL-1">it</t>
                <t id="p01-s02-t10" type="GSL-1">tries</t>
                <t id="p01-s02-t11" type="GSL-1">to</t>
                <t id="p01-s02-t12" type="GSL-1">make</t>
                <t id="p01-s02-t13" type="GSL-1">proofs</t>
                <t id="p01-s02-t14" type="GSL-1">more</t>
                <t id="p01-s02-t15" type="GSL-1">beautiful</t>
                <t id="p01-s02-t16" type="GSL-1">or</t>
                <t id="p01-s02-t17" type="GSL-1">easier</t>
                <t id="p01-s02-t18" type="GSL-1">to</t>
                <t id="p01-s02-t19" type="GSL-1">understand</t>
                <punc>.</punc>
            </sentence>
        </paragraph>
    </body>
</document>
