<?xml version="1.0" encoding="utf-8"?>
<!DOCTYPE document
  SYSTEM "../../../xml/adaps.dtd">
<document>
    <title>Water (Extract)</title>
    <citation>Simple English Wikipedia: “Food group”. Retrieved from https://simple.wikipedia.org/wiki/Food_group on 20 Aug 2015.</citation>
    <url>https://simple.wikipedia.org/wiki/Food_group</url>
    <info type="arise">
        <arise-info book="2"
                    section="2"
                    unit="1"
                    part="4"
                    item="7"
                    firstpage="16"/>
    </info>
    <body>
        <paragraph id="p01">
            <sentence id="p01-s01">
                <t id="p01-s01-t01" type="GSL-1">Water</t>
                <t id="p01-s01-t02" type="GSL-1">is</t>
                <t id="p01-s01-t03" type="GSL-2">treated</t>
                <t id="p01-s01-t04" type="GSL-1">in</t>
                <t id="p01-s01-t05" type="GSL-1">very</t>
                <t id="p01-s01-t06" type="GSL-1">different</t>
                <t id="p01-s01-t07" type="GSL-1">ways</t>
                <t id="p01-s01-t08" type="GSL-1">by</t>
                <t id="p01-s01-t09" type="GSL-1">different</t>
                <t id="p01-s01-t10">nutrition</t>
                <t id="p01-s01-t11" type="GSL-2">guides</t>
                <punc>.</punc>
            </sentence>
            <sentence id="p01-s02">
                <t id="p01-s02-t01" type="GSL-1">Some</t>
                <t id="p01-s02-t02">nutrition</t>
                <t id="p01-s02-t03" type="GSL-2">guides</t>
                <t id="p01-s02-t04" type="GSL-1">do</t>
                <t id="p01-s02-t05" type="GSL-1">not</t>
                <t id="p01-s02-t06" type="GSL-1">include</t>
                <t id="p01-s02-t07" type="GSL-1">water</t>
                <punc>,</punc>
                <t id="p01-s02-t08" type="GSL-1">while</t>
                <t id="p01-s02-t09" type="GSL-1">others</t>
                <t id="p01-s02-t10" type="GSL-1">include</t>
                <t id="p01-s02-t11" type="GSL-1">it</t>
                <punc>,</punc>
                <t id="p01-s02-t12" type="GSL-1">and</t>
                <t id="p01-s02-t13" type="GSL-1">yet</t>
                <t id="p01-s02-t14" type="GSL-1">others</t>
                <t id="p01-s02-t15" type="GSL-1">make</t>
                <t id="p01-s02-t16" type="GSL-1">it</t>
                <t id="p01-s02-t17" type="GSL-1">the</t>
                <t id="p01-s02-t18" type="GSL-1">most</t>
                <t id="p01-s02-t19" type="GSL-1">important</t>
                <t id="p01-s02-t20" type="GSL-1">part</t>
                <t id="p01-s02-t21" type="GSL-1">or</t>
                <t id="p01-s02-t22" type="GSL-1">basic</t>
                <t id="p01-s02-t23" type="GSL-1">part</t>
                <t id="p01-s02-t24" type="GSL-1">of</t>
                <t id="p01-s02-t25" type="GSL-1">the</t>
                <t id="p01-s02-t26" type="GSL-2">guide</t>
                <punc>.</punc>
            </sentence>
        </paragraph>
    </body>
</document>
