<?xml version="1.0" encoding="utf-8"?>
<!DOCTYPE document
  SYSTEM "../../../xml/adaps.dtd">
<document>
    <title>Company (Extract)</title>
    <citation>Simple English Wikipedia: “Company”. Retrieved from https://simple.wikipedia.org/wiki/Company on 20 Aug 2015.</citation>
    <url>https://simple.wikipedia.org/wiki/Company</url>
    <info type="arise">
        <arise-info book="2"
                    section="2"
                    unit="1"
                    part="4"
                    item="3"
                    firstpage="15"/>
    </info>
    <body>
        <paragraph id="p01">
            <sentence id="p01-s01">
                <t id="p01-s01-t01" type="GSL-1">A</t>
                <t id="p01-s01-t02" type="GSL-1">company</t>
                <t id="p01-s01-t03" type="GSL-1">is</t>
                <t id="p01-s01-t04" type="GSL-1">a</t>
                <t id="p01-s01-t05" type="GSL-1">type</t>
                <t id="p01-s01-t06" type="GSL-1">of</t>
                <t id="p01-s01-t07" type="GSL-1">business</t>
                <punc>.</punc>
            </sentence>
            <sentence id="p01-s02">
                <t id="p01-s02-t01" type="GSL-1">The</t>
                <t id="p01-s02-t02" type="Coxhead-AWL-1,AR-AWL-1a">definition</t>
                <t id="p01-s02-t03" type="GSL-1">of</t>
                <t id="p01-s02-t04" type="GSL-1">the</t>
                <t id="p01-s02-t05" type="GSL-1">term</t>
                <t id="p01-s02-t06" type="Coxhead-AWL-1,AR-AWL-1b">varies</t>
                <t id="p01-s02-t07" type="GSL-1">by</t>
                <t id="p01-s02-t08" type="GSL-1">country</t>
                <punc>.</punc>
            </sentence>
            <sentence id="p01-s03">
                <t id="p01-s03-t01" type="GSL-1">In</t>
                <t id="p01-s03-t02" type="GSL-1">general</t>
                <punc>,</punc>
                <t id="p01-s03-t03" type="GSL-1">a</t>
                <t id="p01-s03-t04" type="GSL-1">company</t>
                <t id="p01-s03-t05" type="GSL-1">is</t>
                <t id="p01-s03-t06" type="GSL-1">the</t>
                <t id="p01-s03-t07" type="GSL-1">same</t>
                <t id="p01-s03-t08" type="GSL-1">as</t>
                <t id="p01-s03-t09" type="GSL-1">a</t>
                <t id="p01-s03-t10" type="Coxhead-AWL-3,AR-AWL-3a">corporation</t>
                <punc>.</punc>
            </sentence>
            <sentence id="p01-s04">
                <t id="p01-s04-t01" type="GSL-1">It</t>
                <t id="p01-s04-t02" type="GSL-1">is</t>
                <t id="p01-s04-t03" type="GSL-1">a</t>
                <t id="p01-s04-t04" type="GSL-1">business</t>
                <t id="p01-s04-t05" type="GSL-1">organization</t>
                <t id="p01-s04-t06" type="GSL-1">which</t>
                <t id="p01-s04-t07" type="GSL-1">makes</t>
                <t id="p01-s04-t08">goods</t>
                <t id="p01-s04-t09" type="GSL-1">in</t>
                <t id="p01-s04-t10" type="GSL-1">an</t>
                <t id="p01-s04-t11" type="GSL-1">organized</t>
                <t id="p01-s04-t12" type="GSL-1">manner</t>
                <t id="p01-s04-t13" type="GSL-1">and</t>
                <t id="p01-s04-t14" type="GSL-1">sells</t>
                <t id="p01-s04-t15" type="GSL-1">them</t>
                <t id="p01-s04-t16" type="GSL-1">to</t>
                <t id="p01-s04-t17" type="GSL-1">the</t>
                <t id="p01-s04-t18" type="GSL-1">public</t>
                <t id="p01-s04-t19" type="GSL-1">for</t>
                <t id="p01-s04-t20" type="GSL-1">profit</t>
                <punc>.</punc>
            </sentence>
        </paragraph>
    </body>
</document>
